{
  "accuracy": 0.7435297395180387,
  "precision": 0.7715417453146963,
  "recall": 0.7435297395180387,
  "f1": 0.734169990606773,
  "roc_auc": 0.8434834599424649,
  "confusion_matrix": [
    [
      9614,
      7618
    ],
    [
      1588,
      17075
    ]
  ],
  "classification_report": {
    "Fake": {
      "precision": 0.8582396000714159,
      "recall": 0.5579155060352832,
      "f1-score": 0.6762326791868889,
      "support": 17232.0
    },
    "Real": {
      "precision": 0.6914915158141983,
      "recall": 0.9149118576863312,
      "f1-score": 0.7876649137374296,
      "support": 18663.0
    },
    "accuracy": 0.7435297395180387,
    "macro avg": {
      "precision": 0.7748655579428071,
      "recall": 0.7364136818608071,
      "f1-score": 0.7319487964621593,
      "support": 35895.0
    },
    "weighted avg": {
      "precision": 0.7715417453146963,
      "recall": 0.7435297395180387,
      "f1-score": 0.734169990606773,
      "support": 35895.0
    }
  }
}