{
  "en": {
    "accuracy": 0.7991508214879084,
    "precision": 0.7968427773877654,
    "recall": 0.7991508214879084,
    "f1_score": 0.797816851788888,
    "samples": 5417
  },
  "ta": {
    "accuracy": 0.949297052154195,
    "precision": 0.9508013860085184,
    "recall": 0.949297052154195,
    "f1_score": 0.9494617256991638,
    "samples": 11025
  },
  "ur": {
    "accuracy": 0.5551568587246258,
    "precision": 0.6684587064278047,
    "recall": 0.5551568587246258,
    "f1_score": 0.45878024923194793,
    "samples": 9754
  },
  "hi": {
    "accuracy": 0.6680070110320652,
    "precision": 0.6779900673983636,
    "recall": 0.6680070110320652,
    "f1_score": 0.6518347688270134,
    "samples": 9699
  }
}